{
    "manufacturer": "HiryKun",
    "keyboard_name": "RHODES75",
    "maintainer": "HiryKun",
    "bootloader": "stm32duino",
    "diode_direction": "COL2ROW",
    "matrix_pins": {
        "cols": ["A8", "B15", "B14", "B13", "B12", "B11", "B10", "B1", "B0", "A7", "A6", "A5", "A4", "A3", "A0"],
        "rows": ["B5", "B4", "B3", "A15", "A2", "A1"]
    },
    "processor": "STM32F103",
    "url": "https://space.bilibili.com/50496994",
    "usb": {
        "device_version": "0.0.1",
        "pid": "0x2365",
        "vid": "0xA743"
    },
    "layouts": {
        "LAYOUT": {
            "layout": [
                { "label": "Esc", "matrix": [0, 0], "x": 0, "y": 0 },
                { "label": "F1", "matrix": [0, 1], "x": 1.25, "y": 0 },
                { "label": "F2", "matrix": [0, 2], "x": 2.25, "y": 0 },
                { "label": "F3", "matrix": [0, 3], "x": 3.25, "y": 0 },
                { "label": "F4", "matrix": [0, 4], "x": 4.25, "y": 0 },
                { "label": "F5", "matrix": [0, 5], "x": 5.5, "y": 0 },
                { "label": "F6", "matrix": [0, 6], "x": 6.5, "y": 0 },
                { "label": "F7", "matrix": [0, 7], "x": 7.5, "y": 0 },
                { "label": "F8", "matrix": [0, 8], "x": 8.5, "y": 0 },
                { "label": "F9", "matrix": [0, 9], "x": 9.75, "y": 0 },
                { "label": "F10", "matrix": [0, 10], "x": 10.75, "y": 0 },
                { "label": "F11", "matrix": [0, 11], "x": 11.75, "y": 0 },
                { "label": "F12", "matrix": [0, 12], "x": 12.75, "y": 0 },
                { "label": "Del", "matrix": [0, 13], "x": 14, "y": 0 },
                { "label": "Encoder", "matrix": [0, 14], "x": 15.5, "y": 0 },
                { "label": "~", "matrix": [1, 0], "x": 0, "y": 1.25 },
                { "label": "1", "matrix": [1, 1], "x": 1, "y": 1.25 },
                { "label": "2", "matrix": [1, 2], "x": 2, "y": 1.25 },
                { "label": "3", "matrix": [1, 3], "x": 3, "y": 1.25 },
                { "label": "4", "matrix": [1, 4], "x": 4, "y": 1.25 },
                { "label": "5", "matrix": [1, 5], "x": 5, "y": 1.25 },
                { "label": "6", "matrix": [1, 6], "x": 6, "y": 1.25 },
                { "label": "7", "matrix": [1, 7], "x": 7, "y": 1.25 },
                { "label": "8", "matrix": [1, 8], "x": 8, "y": 1.25 },
                { "label": "9", "matrix": [1, 9], "x": 9, "y": 1.25 },
                { "label": "0", "matrix": [1, 10], "x": 10, "y": 1.25 },
                { "label": "-", "matrix": [1, 11], "x": 11, "y": 1.25 },
                { "label": "=", "matrix": [1, 12], "x": 12, "y": 1.25 },
                { "label": "Backspace", "matrix": [1, 13], "w": 2, "x": 13, "y": 1.25 },
                { "label": "Home", "matrix": [1, 14], "x": 15.5, "y": 1.25 },
                { "label": "Tab", "matrix": [2, 0], "w": 1.5, "x": 0, "y": 2.25 },
                { "label": "Q", "matrix": [2, 1], "x": 1.5, "y": 2.25 },
                { "label": "W", "matrix": [2, 2], "x": 2.5, "y": 2.25 },
                { "label": "E", "matrix": [2, 3], "x": 3.5, "y": 2.25 },
                { "label": "R", "matrix": [2, 4], "x": 4.5, "y": 2.25 },
                { "label": "T", "matrix": [2, 5], "x": 5.5, "y": 2.25 },
                { "label": "Y", "matrix": [2, 6], "x": 6.5, "y": 2.25 },
                { "label": "U", "matrix": [2, 7], "x": 7.5, "y": 2.25 },
                { "label": "I", "matrix": [2, 8], "x": 8.5, "y": 2.25 },
                { "label": "O", "matrix": [2, 9], "x": 9.5, "y": 2.25 },
                { "label": "P", "matrix": [2, 10], "x": 10.5, "y": 2.25 },
                { "label": "[", "matrix": [2, 11], "x": 11.5, "y": 2.25 },
                { "label": "]", "matrix": [2, 12], "x": 12.5, "y": 2.25 },
                { "label": "|", "matrix": [2, 13], "w": 1.5, "x": 13.5, "y": 2.25 },
                { "label": "PrtScn", "matrix": [2, 14], "x": 15.5, "y": 2.25 },
                { "label": "CPAS", "matrix": [3, 0], "w": 1.75, "x": 0, "y": 3.25 },
                { "label": "A", "matrix": [3, 1], "x": 1.75, "y": 3.25 },
                { "label": "S", "matrix": [3, 2], "x": 2.75, "y": 3.25 },
                { "label": "D", "matrix": [3, 3], "x": 3.75, "y": 3.25 },
                { "label": "F", "matrix": [3, 4], "x": 4.75, "y": 3.25 },
                { "label": "G", "matrix": [3, 5], "x": 5.75, "y": 3.25 },
                { "label": "H", "matrix": [3, 6], "x": 6.75, "y": 3.25 },
                { "label": "J", "matrix": [3, 7], "x": 7.75, "y": 3.25 },
                { "label": "K", "matrix": [3, 8], "x": 8.75, "y": 3.25 },
                { "label": "L", "matrix": [3, 9], "x": 9.75, "y": 3.25 },
                { "label": ";", "matrix": [3, 10], "x": 10.75, "y": 3.25 },
                { "label": "'", "matrix": [3, 11], "x": 11.75, "y": 3.25 },
                { "label": "Enter", "matrix": [3, 12], "w": 2.25, "x": 12.75, "y": 3.25 },
                { "label": "Shift", "matrix": [4, 0], "w": 2.25, "x": 0, "y": 4.25 },
                { "label": "Z", "matrix": [4, 1], "x": 2.25, "y": 4.25 },
                { "label": "X", "matrix": [4, 2], "x": 3.25, "y": 4.25 },
                { "label": "C", "matrix": [4, 3], "x": 4.25, "y": 4.25 },
                { "label": "V", "matrix": [4, 4], "x": 5.25, "y": 4.25 },
                { "label": "B", "matrix": [4, 5], "x": 6.25, "y": 4.25 },
                { "label": "N", "matrix": [4, 6], "x": 7.25, "y": 4.25 },
                { "label": "M", "matrix": [4, 7], "x": 8.25, "y": 4.25 },
                { "label": ",", "matrix": [4, 8], "x": 9.25, "y": 4.25 },
                { "label": ".", "matrix": [4, 9], "x": 10.25, "y": 4.25 },
                { "label": "/", "matrix": [4, 10], "x": 11.25, "y": 4.25 },
                { "label": "Shift", "matrix": [4, 11], "w": 1.75, "x": 12.25, "y": 4.25 },
                { "label": "Up", "matrix": [4, 13], "x": 14.25, "y": 4.5 },
                { "label": "Control", "matrix": [5, 0], "w": 1.25, "x": 0, "y": 5.25 },
                { "label": "Win", "matrix": [5, 1], "w": 1.25, "x": 1.25, "y": 5.25 },
                { "label": "Alt", "matrix": [5, 2], "w": 1.25, "x": 2.5, "y": 5.25 },
                { "label": "SPACE", "matrix": [5, 5], "w": 6.25, "x": 3.75, "y": 5.25 },
                { "label": "Alt", "matrix": [5, 9], "x": 10, "y": 5.25 },
                { "label": "Fn", "matrix": [5, 10], "x": 11, "y": 5.25 },
                { "label": "Control", "matrix": [5, 11], "x": 12, "y": 5.25 },
                { "label": "Left", "matrix": [5, 12], "x": 13.25, "y": 5.5 },
                { "label": "Down", "matrix": [5, 13], "x": 14.25, "y": 5.5 },
                { "label": "Right", "matrix": [5, 14], "x": 15.25, "y": 5.5 }
            ]
        }
    },
    "features": {
        "bootmagic": true,
        "extrakey": true,
        "nkro": true,
        "haptic": true
    }
}